,Height,Width,Channels,Quantity,Balance
count,102.0,102.0,102.0,,
mean,114.96078431372548,128.7156862745098,3.0,,
std,71.2283903750349,91.25346893728876,0.0,,
min,12.0,12.0,3.0,,
25%,42.0,42.0,3.0,,
50%,90.0,90.0,3.0,,
75%,181.0,222.75,3.0,,
max,220.0,272.0,3.0,,
0,,,,51.0,1.0
1,,,,51.0,1.0
