,label,height,width,depth
count,2040.0,2040.0,2040.0,2040.0
mean,0.5,444.5495098039216,308.53186274509807,3.0
std,0.5001225940928071,73.01036561176107,20.40105403764159,0.0
min,0.0,180.0,192.0,3.0
25%,0.0,427.0,300.0,3.0
50%,0.5,480.0,320.0,3.0
75%,1.0,480.0,320.0,3.0
max,1.0,1200.0,766.0,3.0
