Height,Width,Depth,Tag mentions,Balance
302.0,302.0,302.0,,
55.5364238410596,63.69867549668874,3.0,,
62.03442135633874,80.81231237953105,0.0,,
12.0,12.0,3.0,,
12.0,12.0,3.0,,
42.0,42.0,3.0,,
60.0,60.0,3.0,,
183.0,324.0,3.0,,
,,,151.0,1.0
,,,151.0,1.0
