Height,Width,Depth
82.0,82.0,82.0
116.84146341463415,137.5487804878049,3.0
67.32370109178622,97.40182172340329,0.0
42.0,42.0,3.0
42.0,42.0,3.0
90.0,89.0,3.0
180.0,235.75,3.0
208.0,324.0,3.0
