Pixels,Pixels,Pixels
max,min,mean
58968,1764,26148.243902439026
57616,1764,17757.878048780487
